{
    "galon": {
        "STKID": "9",
        "STKPKGID": "1"
    },
    "ha": {
        "STKID": "51626514",
        "STKPKGID": "11538"
    },
    "haaa": {
        "STKID": "3",
        "STKPKGID": "1"
    },
    "hadeuh": {
        "STKID": "6",
        "STKPKGID": "1"
    },
    "haha": {
        "STKID": "51626508",
        "STKPKGID": "11538"
    },
    "hehehe": {
        "STKID": "10",
        "STKPKGID": "1"
    },
    "hmmm": {
        "STKID": "101",
        "STKPKGID": "1"
    },
    "lol": {
        "STKID": "110",
        "STKPKGID": "1"
    },
    "no": {
        "STKID": "52002760",
        "STKPKGID": "11537"
    },
    "off": {
        "STKID": "48988",
        "STKPKGID": "2000004"
    },
    "ok": {
        "STKID": "152989",
        "STKPKGID": "2569"
    },
    "om": {
        "STKID": "24",
        "STKPKGID": "2"
    },
    "omg": {
        "STKID": "18687401",
        "STKPKGID": "1520987"
    },
    "please": {
        "STKID": "4",
        "STKPKGID": "1"
    },
    "pod": {
        "STKID": "51626514",
        "STKPKGID": "11538"
    },
    "selfi": {
        "STKID": "18687408",
        "STKPKGID": "1520987"
    },
    "wkwk": {
        "STKID": "100",
        "STKPKGID": "1"
    }
}